dt_id,timestamp,kwh_export
DT_U_250_01,2025-10-01T00:00:00,5.283246183968673
DT_U_250_01,2025-10-01T00:30:00,4.971602242561376
DT_U_250_01,2025-10-01T01:00:00,5.227955642491552
DT_U_250_01,2025-10-01T01:30:00,5.2185499185568816
DT_U_250_01,2025-10-01T02:00:00,5.264029874500805
DT_U_250_01,2025-10-01T02:30:00,21.3809516394209
DT_U_250_01,2025-10-01T03:00:00,27.447417663847105
DT_U_250_01,2025-10-01T03:30:00,26.672231807678497
DT_U_250_01,2025-10-01T04:00:00,28.271867356605966
DT_U_250_01,2025-10-01T04:30:00,28.353118889151638
DT_U_250_01,2025-10-01T05:00:00,26.780601627400642
DT_U_250_01,2025-10-01T05:30:00,23.0470018753741
DT_U_250_01,2025-10-01T06:00:00,21.93305450551917
DT_U_250_01,2025-10-01T06:30:00,21.893077922453998
DT_U_250_01,2025-10-01T07:00:00,21.874002141603277
DT_U_250_01,2025-10-01T07:30:00,20.994305386311748
DT_U_250_01,2025-10-01T08:00:00,24.649844326301306
DT_U_250_01,2025-10-01T08:30:00,23.52196220130121
DT_U_250_01,2025-10-01T09:00:00,22.810356458152544
DT_U_250_01,2025-10-01T09:30:00,20.978806672518154
DT_U_250_01,2025-10-01T10:00:00,21.817024257767255
DT_U_250_01,2025-10-01T10:30:00,21.334269121148115
DT_U_250_01,2025-10-01T11:00:00,21.58419886270259
DT_U_250_01,2025-10-01T11:30:00,21.566249873568356
DT_U_250_01,2025-10-01T12:00:00,21.772605694771727
DT_U_250_01,2025-10-01T12:30:00,22.32529137230115
DT_U_250_01,2025-10-01T13:00:00,21.054579855229772
DT_U_250_01,2025-10-01T13:30:00,21.14502897830069
DT_U_250_01,2025-10-01T14:00:00,20.208132068760534
DT_U_250_01,2025-10-01T14:30:00,22.142074891344926
DT_U_250_01,2025-10-01T15:00:00,22.897623828012073
DT_U_250_01,2025-10-01T15:30:00,21.582225338304337
DT_U_250_01,2025-10-01T16:00:00,20.98134690691012
DT_U_250_01,2025-10-01T16:30:00,21.60215109602979
DT_U_250_01,2025-10-01T17:00:00,21.619268942733253
DT_U_250_01,2025-10-01T17:30:00,21.741250183295925
DT_U_250_01,2025-10-01T18:00:00,37.27334735968457
DT_U_250_01,2025-10-01T18:30:00,37.09645404735103
DT_U_250_01,2025-10-01T19:00:00,37.59373627956536
DT_U_250_01,2025-10-01T19:30:00,36.29158221275869
DT_U_250_01,2025-10-01T20:00:00,35.86036329781312
DT_U_250_01,2025-10-01T20:30:00,36.79066007932297
DT_U_250_01,2025-10-01T21:00:00,36.44764109381712
DT_U_250_01,2025-10-01T21:30:00,23.243547726273157
DT_U_250_01,2025-10-01T22:00:00,22.37938907094123
DT_U_250_01,2025-10-01T22:30:00,21.344042663752145
DT_U_250_01,2025-10-01T23:00:00,21.285949762666057
DT_U_250_01,2025-10-01T23:30:00,20.383659788861944
DT_U_250_01,2025-10-02T00:00:00,4.9878612314067645
DT_U_250_01,2025-10-02T00:30:00,4.693641223627267
DT_U_250_01,2025-10-02T01:00:00,4.935661970063606
DT_U_250_01,2025-10-02T01:30:00,4.926782117765712
DT_U_250_01,2025-10-02T02:00:00,4.969719300921613
DT_U_250_01,2025-10-02T02:30:00,20.185548062562656
DT_U_250_01,2025-10-02T03:00:00,25.91283951203133
DT_U_250_01,2025-10-02T03:30:00,25.18099410023683
DT_U_250_01,2025-10-02T04:00:00,26.69119443182197
DT_U_250_01,2025-10-02T04:30:00,26.76790321181536
DT_U_250_01,2025-10-02T05:00:00,25.28330499085685
DT_U_250_01,2025-10-02T05:30:00,21.75844985288671
DT_U_250_01,2025-10-02T06:00:00,20.7067829976138
DT_U_250_01,2025-10-02T06:30:00,20.669041495156478
DT_U_250_01,2025-10-02T07:00:00,20.65103223636918
DT_U_250_01,2025-10-02T07:30:00,19.82051910328309
DT_U_250_01,2025-10-02T08:00:00,23.271677789395113
DT_U_250_01,2025-10-02T08:30:00,22.206855267598726
DT_U_250_01,2025-10-02T09:00:00,21.535035220850233
DT_U_250_01,2025-10-02T09:30:00,19.805886918642077
DT_U_250_01,2025-10-02T10:00:00,20.597239971549936
DT_U_250_01,2025-10-02T10:30:00,20.14147555203233
DT_U_250_01,2025-10-02T11:00:00,20.377431785201576
DT_U_250_01,2025-10-02T11:30:00,20.360486319492026
DT_U_250_01,2025-10-02T12:00:00,20.555304839132205
DT_U_250_01,2025-10-02T12:30:00,21.07709000077538
DT_U_250_01,2025-10-02T13:00:00,19.877423641949505
DT_U_250_01,2025-10-02T13:30:00,19.96281577751743
DT_U_250_01,2025-10-02T14:00:00,19.07830053628182
DT_U_250_01,2025-10-02T14:30:00,20.904117106744945
DT_U_250_01,2025-10-02T15:00:00,21.61742349422087
DT_U_250_01,2025-10-02T15:30:00,20.3755686000513
DT_U_250_01,2025-10-02T16:00:00,19.808285129174237
DT_U_250_01,2025-10-02T16:30:00,20.3943803137221
DT_U_250_01,2025-10-02T17:00:00,20.410541105963137
DT_U_250_01,2025-10-02T17:30:00,20.52570240634086
DT_U_250_01,2025-10-02T18:00:00,35.189403973689735
DT_U_250_01,2025-10-02T18:30:00,35.02240072152994
DT_U_250_01,2025-10-02T19:00:00,35.4918800304169
DT_U_250_01,2025-10-02T19:30:00,34.26252906682716
DT_U_250_01,2025-10-02T20:00:00,33.855419491916045
DT_U_250_01,2025-10-02T20:30:00,34.733703616603535
DT_U_250_01,2025-10-02T21:00:00,34.40986273547391
DT_U_250_01,2025-10-02T21:30:00,21.944006875171226
DT_U_250_01,2025-10-02T22:00:00,21.128163110821617
DT_U_250_01,2025-10-02T22:30:00,20.15070265835118
DT_U_250_01,2025-10-02T23:00:00,20.09585771661319
DT_U_250_01,2025-10-02T23:30:00,19.24401454612442
DT_U_250_01,2025-10-03T00:00:00,4.760377719769389
DT_U_250_01,2025-10-03T00:30:00,4.479576329200457
DT_U_250_01,2025-10-03T01:00:00,4.710559132371298
DT_U_250_01,2025-10-03T01:30:00,4.702084267279308
DT_U_250_01,2025-10-03T02:00:00,4.743063196034984
DT_U_250_01,2025-10-03T02:30:00,19.264937174536474
DT_U_250_01,2025-10-03T03:00:00,24.731021603470538
DT_U_250_01,2025-10-03T03:30:00,24.032553777083276
DT_U_250_01,2025-10-03T04:00:00,25.473877758913186
DT_U_250_01,2025-10-03T04:30:00,25.5470880489052
DT_U_250_01,2025-10-03T05:00:00,24.130198531337985
DT_U_250_01,2025-10-03T05:30:00,20.76610296297045
DT_U_250_01,2025-10-03T06:00:00,19.76239992589756
DT_U_250_01,2025-10-03T06:30:00,19.726379716217874
DT_U_250_01,2025-10-03T07:00:00,19.709191813366687
DT_U_250_01,2025-10-03T07:30:00,18.916556246477864
DT_U_250_01,2025-10-03T08:00:00,22.21031646845636
DT_U_250_01,2025-10-03T08:30:00,21.19405776094646
DT_U_250_01,2025-10-03T09:00:00,20.552877697215223
DT_U_250_01,2025-10-03T09:30:00,18.902591398113994
DT_U_250_01,2025-10-03T10:00:00,19.657852875280547
DT_U_250_01,2025-10-03T10:30:00,19.2228746977655
DT_U_250_01,2025-10-03T11:00:00,19.44806957450886
DT_U_250_01,2025-10-03T11:30:00,19.431896947871426
DT_U_250_01,2025-10-03T12:00:00,19.617830296308227
DT_U_250_01,2025-10-03T12:30:00,20.115818179842808
DT_U_250_01,2025-10-03T13:00:00,18.970865515612235
DT_U_250_01,2025-10-03T13:30:00,19.052363135682636
DT_U_250_01,2025-10-03T14:00:00,18.20818835779154
DT_U_250_01,2025-10-03T14:30:00,19.95073413426396
DT_U_250_01,2025-10-03T15:00:00,20.63150845351099
DT_U_250_01,2025-10-03T15:30:00,19.446291364437307
DT_U_250_01,2025-10-03T16:00:00,18.904880232436955
DT_U_250_01,2025-10-03T16:30:00,19.464245124270334
DT_U_250_01,2025-10-03T17:00:00,19.479668864376347
DT_U_250_01,2025-10-03T17:30:00,19.589577954277622
DT_U_250_01,2025-10-03T18:00:00,33.584505838602
DT_U_250_01,2025-10-03T18:30:00,33.425119174894384
DT_U_250_01,2025-10-03T19:00:00,33.873186740977786
DT_U_250_01,2025-10-03T19:30:00,32.699903310396245
DT_U_250_01,2025-10-03T20:00:00,32.311360955266395
DT_U_250_01,2025-10-03T20:30:00,33.14958880179578
DT_U_250_01,2025-10-03T21:00:00,32.84051746966388
DT_U_250_01,2025-10-03T21:30:00,20.943197207106195
DT_U_250_01,2025-10-03T22:00:00,20.164561976805828
DT_U_250_01,2025-10-03T22:30:00,19.231680979516412
DT_U_250_01,2025-10-03T23:00:00,19.17933737439612
DT_U_250_01,2025-10-03T23:30:00,18.36634457820544
DT_U_250_01,2025-10-04T00:00:00,5.899691783366815
DT_U_250_01,2025-10-04T00:30:00,5.551685437185998
DT_U_250_01,2025-10-04T01:00:00,5.837949978822427
DT_U_250_01,2025-10-04T01:30:00,5.8274468013664205
DT_U_250_01,2025-10-04T02:00:00,5.878233327878175
DT_U_250_01,2025-10-04T02:30:00,23.87566664798118
DT_U_250_01,2025-10-04T03:00:00,30.649963834241817
DT_U_250_01,2025-10-04T03:30:00,29.784329815502094
DT_U_250_01,2025-10-04T04:00:00,31.57060976077992
DT_U_250_01,2025-10-04T04:30:00,31.661341667311223
DT_U_250_01,2025-10-04T05:00:00,29.905344152657104
DT_U_250_01,2025-10-04T05:30:00,25.736110501147596
DT_U_250_01,2025-10-04T06:00:00,24.492188503914548
DT_U_250_01,2025-10-04T06:30:00,24.447547480115137
DT_U_250_01,2025-10-04T07:00:00,24.426245950027862
DT_U_250_01,2025-10-04T07:30:00,23.44390677098372
DT_U_250_01,2025-10-04T08:00:00,27.525971527586343
DT_U_250_01,2025-10-04T08:30:00,26.266488877381526
DT_U_250_01,2025-10-04T09:00:00,25.47185345634249
DT_U_250_01,2025-10-04T09:30:00,23.426599677723843
DT_U_250_01,2025-10-04T10:00:00,24.362619925156825
DT_U_250_01,2025-10-04T10:30:00,23.82353724497957
DT_U_250_01,2025-10-04T11:00:00,24.102628620115965
DT_U_250_01,2025-10-04T11:30:00,24.08258535504225
DT_U_250_01,2025-10-04T12:00:00,24.31301863420641
DT_U_250_01,2025-10-04T12:30:00,24.930191303615413
DT_U_250_01,2025-10-04T13:00:00,23.51121402425946
DT_U_250_01,2025-10-04T13:30:00,23.612216689971582
DT_U_250_01,2025-10-04T14:00:00,22.56600328128205
DT_U_250_01,2025-10-04T14:30:00,24.725597247303078
DT_U_250_01,2025-10-04T15:00:00,25.56930312402569
DT_U_250_01,2025-10-04T15:30:00,24.100424826222742
DT_U_250_01,2025-10-04T16:00:00,23.429436304950414
DT_U_250_01,2025-10-04T16:30:00,24.12267550791289
DT_U_250_01,2025-10-04T17:00:00,24.141790653417907
DT_U_250_01,2025-10-04T17:30:00,24.27800458281158
DT_U_250_01,2025-10-04T18:00:00,41.62237637605647
DT_U_250_01,2025-10-04T18:30:00,41.424843271414595
DT_U_250_01,2025-10-04T19:00:00,41.98014805889761
DT_U_250_01,2025-10-04T19:30:00,40.52605953432194
DT_U_250_01,2025-10-04T20:00:00,40.04452628738442
DT_U_250_01,2025-10-04T20:30:00,41.0833694695591
DT_U_250_01,2025-10-04T21:00:00,40.700327260307446
DT_U_250_01,2025-10-04T21:30:00,25.9555891892925
DT_U_250_01,2025-10-04T22:00:00,24.990601085225506
DT_U_250_01,2025-10-04T22:30:00,23.83445115793906
DT_U_250_01,2025-10-04T23:00:00,23.76958001635768
DT_U_250_01,2025-10-04T23:30:00,22.762011457311715
DT_U_250_01,2025-10-05T00:00:00,5.384219453525055
DT_U_250_01,2025-10-05T00:30:00,5.066619380867085
DT_U_250_01,2025-10-05T01:00:00,5.327872200595525
DT_U_250_01,2025-10-05T01:30:00,5.318286714699146
DT_U_250_01,2025-10-05T02:00:00,5.364635882428972
DT_U_250_01,2025-10-05T02:30:00,21.789583854934556
DT_U_250_01,2025-10-05T03:00:00,27.9719920270119
DT_U_250_01,2025-10-05T03:30:00,27.18199083805628
DT_U_250_01,2025-10-05T04:00:00,28.8121985817764
DT_U_250_01,2025-10-05T04:30:00,28.89500299158956
DT_U_250_01,2025-10-05T05:00:00,27.292431819075393
DT_U_250_01,2025-10-05T05:30:00,23.487475601525638
DT_U_250_01,2025-10-05T06:00:00,22.352238497266644
DT_U_250_01,2025-10-05T06:30:00,22.31149788274103
DT_U_250_01,2025-10-05T07:00:00,22.292057526041535
DT_U_250_01,2025-10-05T07:30:00,21.39554802826046
DT_U_250_01,2025-10-05T08:00:00,25.120951537476685
DT_U_250_01,2025-10-05T08:30:00,23.97151335737906
DT_U_250_01,2025-10-05T09:00:00,23.24630742298077
DT_U_250_01,2025-10-05T09:30:00,21.37975310343464
DT_U_250_01,2025-10-05T10:00:00,22.233990682307944
DT_U_250_01,2025-10-05T10:30:00,21.74200914153457
DT_U_250_01,2025-10-05T11:00:00,21.996715534088334
DT_U_250_01,2025-10-05T11:30:00,21.97842350432056
DT_U_250_01,2025-10-05T12:00:00,22.18872319284212
DT_U_250_01,2025-10-05T12:30:00,22.751971785282922
DT_U_250_01,2025-10-05T13:00:00,21.45697446132808
DT_U_250_01,2025-10-05T13:30:00,21.549152245787656
DT_U_250_01,2025-10-05T14:00:00,20.594349385833794
DT_U_250_01,2025-10-05T14:30:00,22.56525367550332
DT_U_250_01,2025-10-05T15:00:00,23.335242644640775
DT_U_250_01,2025-10-05T15:30:00,21.99470429174091
DT_U_250_01,2025-10-05T16:00:00,21.382341886723072
DT_U_250_01,2025-10-05T16:30:00,22.015010870052016
DT_U_250_01,2025-10-05T17:00:00,22.032455872615575
DT_U_250_01,2025-10-05T17:30:00,22.1567684156115
DT_U_250_01,2025-10-05T18:00:00,37.98571464660719
DT_U_250_01,2025-10-05T18:30:00,37.8054405536916
DT_U_250_01,2025-10-05T19:00:00,38.31222683154957
DT_U_250_01,2025-10-05T19:30:00,36.98518602863156
DT_U_250_01,2025-10-05T20:00:00,36.54572566851754
DT_U_250_01,2025-10-05T20:30:00,37.49380225895847
DT_U_250_01,2025-10-05T21:00:00,37.14422750314013
DT_U_250_01,2025-10-05T21:30:00,23.68777783183462
DT_U_250_01,2025-10-05T22:00:00,22.807103397792797
DT_U_250_01,2025-10-05T22:30:00,21.75196947584157
DT_U_250_01,2025-10-05T23:00:00,21.692766304675985
DT_U_250_01,2025-10-05T23:30:00,20.773231787352508
DT_U_250_01,2025-10-06T00:00:00,5.351564169629253
DT_U_250_01,2025-10-06T00:30:00,5.0358903409937446
DT_U_250_01,2025-10-06T01:00:00,5.295558662714544
DT_U_250_01,2025-10-06T01:30:00,5.286031312777504
DT_U_250_01,2025-10-06T02:00:00,5.3320993728660815
DT_U_250_01,2025-10-06T02:30:00,21.65743005754645
DT_U_250_01,2025-10-06T03:00:00,27.80234193220101
DT_U_250_01,2025-10-06T03:30:00,27.017132099416145
DT_U_250_01,2025-10-06T04:00:00,28.63745263531723
DT_U_250_01,2025-10-06T04:30:00,28.71975483649391
DT_U_250_01,2025-10-06T05:00:00,27.126903256030808
DT_U_250_01,2025-10-06T05:30:00,23.3450240929302
DT_U_250_01,2025-10-06T06:00:00,22.216672200213683
DT_U_250_01,2025-10-06T06:30:00,22.17617867746152
DT_U_250_01,2025-10-06T07:00:00,22.15685622649981
DT_U_250_01,2025-10-06T07:30:00,21.26578405764227
DT_U_250_01,2025-10-06T08:00:00,24.968592999480638
DT_U_250_01,2025-10-06T08:30:00,23.826126160431745
DT_U_250_01,2025-10-06T09:00:00,23.105318599070646
DT_U_250_01,2025-10-06T09:30:00,21.250084929014722
DT_U_250_01,2025-10-06T10:00:00,22.099141558097003
DT_U_250_01,2025-10-06T10:30:00,21.610143884720593
DT_U_250_01,2025-10-06T11:00:00,21.863305483338902
DT_U_250_01,2025-10-06T11:30:00,21.845124394707586
DT_U_250_01,2025-10-06T12:00:00,22.05414861589518
DT_U_250_01,2025-10-06T12:30:00,22.613981106364506
DT_U_250_01,2025-10-06T13:00:00,21.326837939474224
DT_U_250_01,2025-10-06T13:30:00,21.418456665792426
DT_U_250_01,2025-10-06T14:00:00,20.46944468392692
DT_U_250_01,2025-10-06T14:30:00,22.42839544167485
DT_U_250_01,2025-10-06T15:00:00,23.193714428728388
DT_U_250_01,2025-10-06T15:30:00,21.86130643917367
DT_U_250_01,2025-10-06T16:00:00,21.25265801133592
DT_U_250_01,2025-10-06T16:30:00,21.881489858114055
DT_U_250_01,2025-10-06T17:00:00,21.89882905676004
DT_U_250_01,2025-10-06T17:30:00,22.022387644346384
DT_U_250_01,2025-10-06T18:00:00,37.755331337294315
DT_U_250_01,2025-10-06T18:30:00,37.57615060651488
DT_U_250_01,2025-10-06T19:00:00,38.07986322626496
DT_U_250_01,2025-10-06T19:30:00,36.76087092406923
DT_U_250_01,2025-10-06T20:00:00,36.324075890460634
DT_U_250_01,2025-10-06T20:30:00,37.266402397628944
DT_U_250_01,2025-10-06T21:00:00,36.918947812244326
DT_U_250_01,2025-10-06T21:30:00,23.544111490476112
DT_U_250_01,2025-10-06T22:00:00,22.668778345717104
DT_U_250_01,2025-10-06T22:30:00,21.62004380961313
DT_U_250_01,2025-10-06T23:00:00,21.561199705602707
DT_U_250_01,2025-10-06T23:30:00,20.647242163915976
DT_U_250_01,2025-10-07T00:00:00,4.232203575870326
DT_U_250_01,2025-10-07T00:30:00,3.9825577033716266
DT_U_250_01,2025-10-07T01:00:00,4.187912467865303
DT_U_250_01,2025-10-07T01:30:00,4.1803779072781495
DT_U_250_01,2025-10-07T02:00:00,4.216810135774402
DT_U_250_01,2025-10-07T02:30:00,17.1274509710419
DT_U_250_01,2025-10-07T03:00:00,21.987061579265763
DT_U_250_01,2025-10-07T03:30:00,21.366090260080245
DT_U_250_01,2025-10-07T04:00:00,22.647496246953004
DT_U_250_01,2025-10-07T04:30:00,22.7125836978517
DT_U_250_01,2025-10-07T05:00:00,21.452901118892047
DT_U_250_01,2025-10-07T05:30:00,18.462059187402563
DT_U_250_01,2025-10-07T06:00:00,17.56971916048185
DT_U_250_01,2025-10-07T06:30:00,17.537695470517733
DT_U_250_01,2025-10-07T07:00:00,17.52241460244577
DT_U_250_01,2025-10-07T07:30:00,16.817723656049317
DT_U_250_01,2025-10-07T08:00:00,19.74603409906856
DT_U_250_01,2025-10-07T08:30:00,18.842531480343357
DT_U_250_01,2025-10-07T09:00:00,18.272491723365512
DT_U_250_01,2025-10-07T09:30:00,16.805308237639007
DT_U_250_01,2025-10-07T10:00:00,17.476771829930634
DT_U_250_01,2025-10-07T10:30:00,17.09005541651252
DT_U_250_01,2025-10-07T11:00:00,17.290264437461197
DT_U_250_01,2025-10-07T11:30:00,17.275886198523995
DT_U_250_01,2025-10-07T12:00:00,17.44118984215291
DT_U_250_01,2025-10-07T12:30:00,17.88392489922255
DT_U_250_01,2025-10-07T13:00:00,16.866007194995998
DT_U_250_01,2025-10-07T13:30:00,16.938462478881238
DT_U_250_01,2025-10-07T14:00:00,16.18795070776419
DT_U_250_01,2025-10-07T14:30:00,17.737157283468775
DT_U_250_01,2025-10-07T15:00:00,18.342398228176318
DT_U_250_01,2025-10-07T15:30:00,17.28868352362063
DT_U_250_01,2025-10-07T16:00:00,16.80734312087232
DT_U_250_01,2025-10-07T16:30:00,17.304645275195536
DT_U_250_01,2025-10-07T17:00:00,17.31835771817225
DT_U_250_01,2025-10-07T17:30:00,17.416072158219535
DT_U_250_01,2025-10-07T18:00:00,29.858232701512364
DT_U_250_01,2025-10-07T18:30:00,29.71653033086054
DT_U_250_01,2025-10-07T19:00:00,30.114883837040214
DT_U_250_01,2025-10-07T19:30:00,29.071778725906892
DT_U_250_01,2025-10-07T20:00:00,28.72634598053279
DT_U_250_01,2025-10-07T20:30:00,29.47157064510996
DT_U_250_01,2025-10-07T21:00:00,29.19679144185148
DT_U_250_01,2025-10-07T21:30:00,18.6195044443587
DT_U_250_01,2025-10-07T22:00:00,17.927260467102318
DT_U_250_01,2025-10-07T22:30:00,17.097884622367665
DT_U_250_01,2025-10-07T23:00:00,17.05134865278608
DT_U_250_01,2025-10-07T23:30:00,16.328559155451465
DT_U_250_02,2025-10-01T00:00:00,5.171817636221029
DT_U_250_02,2025-10-01T00:30:00,4.85455132981422
DT_U_250_02,2025-10-01T01:00:00,5.134651523293031
DT_U_250_02,2025-10-01T01:30:00,5.146314056510997
DT_U_250_02,2025-10-01T02:00:00,5.188256729888046
DT_U_250_02,2025-10-01T02:30:00,21.865399719562927
DT_U_250_02,2025-10-01T03:00:00,28.27364263744438
DT_U_250_02,2025-10-01T03:30:00,27.3095314991834
DT_U_250_02,2025-10-01T04:00:00,29.212860835854457
DT_U_250_02,2025-10-01T04:30:00,29.207994879597557
DT_U_250_02,2025-10-01T05:00:00,27.458352741329747
DT_U_250_02,2025-10-01T05:30:00,23.684256135435906
DT_U_250_02,2025-10-01T06:00:00,22.55824303821536
DT_U_250_02,2025-10-01T06:30:00,22.48052852725229
DT_U_250_02,2025-10-01T07:00:00,22.50709738533447
DT_U_250_02,2025-10-01T07:30:00,21.42706055663682
DT_U_250_02,2025-10-01T08:00:00,25.69737017575473
DT_U_250_02,2025-10-01T08:30:00,24.34357765282573
DT_U_250_02,2025-10-01T09:00:00,23.605595958135066
DT_U_250_02,2025-10-01T09:30:00,21.543154527533403
DT_U_250_02,2025-10-01T10:00:00,22.517872437717006
DT_U_250_02,2025-10-01T10:30:00,21.818285582940007
DT_U_250_02,2025-10-01T11:00:00,22.086753962018363
DT_U_250_02,2025-10-01T11:30:00,22.031475738025772
DT_U_250_02,2025-10-01T12:00:00,22.404087301013725
DT_U_250_02,2025-10-01T12:30:00,23.005226712431163
DT_U_250_02,2025-10-01T13:00:00,21.656415354789456
DT_U_250_02,2025-10-01T13:30:00,21.671218923590043
DT_U_250_02,2025-10-01T14:00:00,20.607925275150023
DT_U_250_02,2025-10-01T14:30:00,22.75733976511989
DT_U_250_02,2025-10-01T15:00:00,23.583708243675083
DT_U_250_02,2025-10-01T15:30:00,22.12776755058413
DT_U_250_02,2025-10-01T16:00:00,21.450847618841127
DT_U_250_02,2025-10-01T16:30:00,22.173542798083588
DT_U_250_02,2025-10-01T17:00:00,22.285934620064534
DT_U_250_02,2025-10-01T17:30:00,22.340001676054786
DT_U_250_02,2025-10-01T18:00:00,39.17865179923931
DT_U_250_02,2025-10-01T18:30:00,39.031388299509295
DT_U_250_02,2025-10-01T19:00:00,39.53046849086154
DT_U_250_02,2025-10-01T19:30:00,38.163335199265404
DT_U_250_02,2025-10-01T20:00:00,37.53905521946118
DT_U_250_02,2025-10-01T20:30:00,38.64000967332625
DT_U_250_02,2025-10-01T21:00:00,38.171930485112576
DT_U_250_02,2025-10-01T21:30:00,23.994940873588575
DT_U_250_02,2025-10-01T22:00:00,22.951009029744988
DT_U_250_02,2025-10-01T22:30:00,21.810365802177593
DT_U_250_02,2025-10-01T23:00:00,21.876270412484118
DT_U_250_02,2025-10-01T23:30:00,20.79731203380179
DT_U_250_02,2025-10-02T00:00:00,6.367591067838451
DT_U_250_02,2025-10-02T00:30:00,5.976969773565934
DT_U_250_02,2025-10-02T01:00:00,6.321831796078915
DT_U_250_02,2025-10-02T01:30:00,6.336190817910428
DT_U_250_02,2025-10-02T02:00:00,6.387831036329286
DT_U_250_02,2025-10-02T02:30:00,26.920888117536084
DT_U_250_02,2025-10-02T03:00:00,34.81077775298282
DT_U_250_02,2025-10-02T03:30:00,33.62375494896921
DT_U_250_02,2025-10-02T04:00:00,35.967152132671366
DT_U_250_02,2025-10-02T04:30:00,35.96116112104309
DT_U_250_02,2025-10-02T05:00:00,33.806985077881514
DT_U_250_02,2025-10-02T05:30:00,29.160281437648596
DT_U_250_02,2025-10-02T06:00:00,27.77392340175898
DT_U_250_02,2025-10-02T06:30:00,27.678240556643917
DT_U_250_02,2025-10-02T07:00:00,27.710952387436617
DT_U_250_02,2025-10-02T07:30:00,26.381200770676827
DT_U_250_02,2025-10-02T08:00:00,31.638846592749605
DT_U_250_02,2025-10-02T08:30:00,29.972044361298924
DT_U_250_02,2025-10-02T09:00:00,29.063434279143333
DT_U_250_02,2025-10-02T09:30:00,26.52413677192592
DT_U_250_02,2025-10-02T10:00:00,27.724218734421864
DT_U_250_02,2025-10-02T10:30:00,26.862880744378163
DT_U_250_02,2025-10-02T11:00:00,27.193421566359948
DT_U_250_02,2025-10-02T11:30:00,27.12536249117601
DT_U_250_02,2025-10-02T12:00:00,27.5841253917931
DT_U_250_02,2025-10-02T12:30:00,28.324253953144368
DT_U_250_02,2025-10-02T13:00:00,26.66358457977604
DT_U_250_02,2025-10-02T13:30:00,26.681810874494282
DT_U_250_02,2025-10-02T14:00:00,25.372673620528154
DT_U_250_02,2025-10-02T14:30:00,28.01905318572397
DT_U_250_02,2025-10-02T15:00:00,29.036485916905136
DT_U_250_02,2025-10-02T15:30:00,27.24391788672174
DT_U_250_02,2025-10-02T16:00:00,26.410487627924358
DT_U_250_02,2025-10-02T16:30:00,27.3002768068554
DT_U_250_02,2025-10-02T17:00:00,27.43865468714487
DT_U_250_02,2025-10-02T17:30:00,27.50522256076375
DT_U_250_02,2025-10-02T18:00:00,48.23712876099704
DT_U_250_02,2025-10-02T18:30:00,48.055816539364905
DT_U_250_02,2025-10-02T19:00:00,48.670288818188666
DT_U_250_02,2025-10-02T19:30:00,46.98706130545814
DT_U_250_02,2025-10-02T20:00:00,46.21844185619692
DT_U_250_02,2025-10-02T20:30:00,47.573947452030446
DT_U_250_02,2025-10-02T21:00:00,46.99764390315121
DT_U_250_02,2025-10-02T21:30:00,29.542799442483002
DT_U_250_02,2025-10-02T22:00:00,28.257500626504708
DT_U_250_02,2025-10-02T22:30:00,26.853129834970836
DT_U_250_02,2025-10-02T23:00:00,26.93427221806225
DT_U_250_02,2025-10-02T23:30:00,25.605848399219504
DT_U_250_02,2025-10-03T00:00:00,6.0817644458745175
DT_U_250_02,2025-10-03T00:30:00,5.708677249476629
DT_U_250_02,2025-10-03T01:00:00,6.038059203328104
DT_U_250_02,2025-10-03T01:30:00,6.051773681459952
DT_U_250_02,2025-10-03T02:00:00,6.10109588839992
DT_U_250_02,2025-10-03T02:30:00,25.712470926650678
DT_U_250_02,2025-10-03T03:00:00,33.248201433764216
DT_U_250_02,2025-10-03T03:30:00,32.11446137272997
DT_U_250_02,2025-10-03T04:00:00,34.35266880825239
DT_U_250_02,2025-10-03T04:30:00,34.346946719455005
DT_U_250_02,2025-10-03T05:00:00,32.28946671958088
DT_U_250_02,2025-10-03T05:30:00,27.851342994516123
DT_U_250_02,2025-10-03T06:00:00,26.527215404961595
DT_U_250_02,2025-10-03T06:30:00,26.43582754426179
DT_U_250_02,2025-10-03T07:00:00,26.467071015671152
DT_U_250_02,2025-10-03T07:30:00,25.197008912358488
DT_U_250_02,2025-10-03T08:00:00,30.218651019871754
DT_U_250_02,2025-10-03T08:30:00,28.62666773427075
DT_U_250_02,2025-10-03T09:00:00,27.75884308379538
DT_U_250_02,2025-10-03T09:30:00,25.33352884292107
DT_U_250_02,2025-10-03T10:00:00,26.479741866635347
DT_U_250_02,2025-10-03T10:30:00,25.65706737200781
DT_U_250_02,2025-10-03T11:00:00,25.972770971315953
DT_U_250_02,2025-10-03T11:30:00,25.907766912596884
DT_U_250_02,2025-10-03T12:00:00,26.345936994239146
DT_U_250_02,2025-10-03T12:30:00,27.052842874633626
DT_U_250_02,2025-10-03T13:00:00,25.466717157120694
DT_U_250_02,2025-10-03T13:30:00,25.48412531509071
DT_U_250_02,2025-10-03T14:00:00,24.23375224290099
DT_U_250_02,2025-10-03T14:30:00,26.76134187270432
DT_U_250_02,2025-10-03T15:00:00,27.7331043719986
DT_U_250_02,2025-10-03T15:30:00,26.02100062717042
DT_U_250_02,2025-10-03T16:00:00,25.22498114946383
DT_U_250_02,2025-10-03T16:30:00,26.074829724080868
DT_U_250_02,2025-10-03T17:00:00,26.206996137324744
DT_U_250_02,2025-10-03T17:30:00,26.270575931111697
DT_U_250_02,2025-10-03T18:00:00,46.07187420552895
DT_U_250_02,2025-10-03T18:30:00,45.89870067548016
DT_U_250_02,2025-10-03T19:00:00,46.485590696920305
DT_U_250_02,2025-10-03T19:30:00,44.877919423407235
DT_U_250_02,2025-10-03T20:00:00,44.1438015459991
DT_U_250_02,2025-10-03T20:30:00,45.43846159107683
DT_U_250_02,2025-10-03T21:00:00,44.888026992456346
DT_U_250_02,2025-10-03T21:30:00,28.216690639634056
DT_U_250_02,2025-10-03T22:00:00,26.989085952388503
DT_U_250_02,2025-10-03T22:30:00,25.647754158656543
DT_U_250_02,2025-10-03T23:00:00,25.725254245468243
DT_U_250_02,2025-10-03T23:30:00,24.45646033825629
DT_U_250_02,2025-10-04T00:00:00,7.229313019558774
DT_U_250_02,2025-10-04T00:30:00,6.7858291999610705
DT_U_250_02,2025-10-04T01:00:00,7.177361175357032
DT_U_250_02,2025-10-04T01:30:00,7.193663394260344
DT_U_250_02,2025-10-04T02:00:00,7.252292049802297
DT_U_250_02,2025-10-04T02:30:00,30.564074371731664
DT_U_250_02,2025-10-04T03:00:00,39.52169763251359
DT_U_250_02,2025-10-04T03:30:00,38.17403580559263
DT_U_250_02,2025-10-04T04:00:00,40.83456340380822
DT_U_250_02,2025-10-04T04:30:00,40.827761632478506
DT_U_250_02,2025-10-04T05:00:00,38.38206234850484
DT_U_250_02,2025-10-04T05:30:00,33.1065233312403
DT_U_250_02,2025-10-04T06:00:00,31.53255036534929
DT_U_250_02,2025-10-04T06:30:00,31.423918823127227
DT_U_250_02,2025-10-04T07:00:00,31.461057524674462
DT_U_250_02,2025-10-04T07:30:00,29.951351487743896
DT_U_250_02,2025-10-04T08:00:00,35.92051109438336
DT_U_250_02,2025-10-04T08:30:00,34.02814160261157
DT_U_250_02,2025-10-04T09:00:00,32.9965699098553
DT_U_250_02,2025-10-04T09:30:00,30.113630924941564
DT_U_250_02,2025-10-04T10:00:00,31.476119197756272
DT_U_250_02,2025-10-04T10:30:00,30.498216898547017
DT_U_250_02,2025-10-04T11:00:00,30.873489594671923
DT_U_250_02,2025-10-04T11:30:00,30.79622012917319
DT_U_250_02,2025-10-04T12:00:00,31.317067114318473
DT_U_250_02,2025-10-04T12:30:00,32.15735679179934
DT_U_250_02,2025-10-04T13:00:00,30.27195011379959
DT_U_250_02,2025-10-04T13:30:00,30.292642961110467
DT_U_250_02,2025-10-04T14:00:00,28.806341015263392
DT_U_250_02,2025-10-04T14:30:00,31.81085340331453
DT_U_250_02,2025-10-04T15:00:00,32.96597464330806
DT_U_250_02,2025-10-04T15:30:00,30.93081954917782
DT_U_250_02,2025-10-04T16:00:00,29.984601716306916
DT_U_250_02,2025-10-04T16:30:00,30.994805485264134
DT_U_250_02,2025-10-04T17:00:00,31.15190995396162
DT_U_250_02,2025-10-04T17:30:00,31.227486414558783
DT_U_250_02,2025-10-04T18:00:00,54.76502797727338
DT_U_250_02,2025-10-04T18:30:00,54.559178890784345
DT_U_250_02,2025-10-04T19:00:00,55.256807302868665
DT_U_250_02,2025-10-04T19:30:00,53.34578970719995
DT_U_250_02,2025-10-04T20:00:00,52.47315348850563
DT_U_250_02,2025-10-04T20:30:00,54.012098773723295
DT_U_250_02,2025-10-04T21:00:00,53.35780444094591
DT_U_250_02,2025-10-04T21:30:00,33.540807248518256
DT_U_250_02,2025-10-04T22:00:00,32.08156978094489
DT_U_250_02,2025-10-04T22:30:00,30.487146404920793
DT_U_250_02,2025-10-04T23:00:00,30.57926973386439
DT_U_250_02,2025-10-04T23:30:00,29.07107118487812
DT_U_250_02,2025-10-05T00:00:00,6.602114670894684
DT_U_250_02,2025-10-05T00:30:00,6.197106473884963
DT_U_250_02,2025-10-05T01:00:00,6.554670047614935
DT_U_250_02,2025-10-05T01:30:00,6.569557924000771
DT_U_250_02,2025-10-05T02:00:00,6.623100094030085
DT_U_250_02,2025-10-05T02:30:00,27.912406513038437
DT_U_250_02,2025-10-05T03:00:00,36.092887256693565
DT_U_250_02,2025-10-05T03:30:00,34.862145428964176
DT_U_250_02,2025-10-05T04:00:00,37.29185185348575
DT_U_250_02,2025-10-05T04:30:00,37.28564018798412
DT_U_250_02,2025-10-05T05:00:00,35.05212407384792
DT_U_250_02,2025-10-05T05:30:00,30.234278526348678
DT_U_250_02,2025-10-05T06:00:00,28.796859786616913
DT_U_250_02,2025-10-05T06:30:00,28.697652863817215
DT_U_250_02,2025-10-05T07:00:00,28.731569498175084
DT_U_250_02,2025-10-05T07:30:00,27.352842038430108
DT_U_250_02,2025-10-05T08:00:00,32.804131269548726
DT_U_250_02,2025-10-05T08:30:00,31.075939344454493
DT_U_250_02,2025-10-05T09:00:00,30.133864407541406
DT_U_250_02,2025-10-05T09:30:00,27.501042489871157
DT_U_250_02,2025-10-05T10:00:00,28.74532445560363
DT_U_250_02,2025-10-05T10:30:00,27.852262680737347
DT_U_250_02,2025-10-05T11:00:00,28.194977592371323
DT_U_250_02,2025-10-05T11:30:00,28.124411845612098
DT_U_250_02,2025-10-05T12:00:00,28.60007136023204
DT_U_250_02,2025-10-05T12:30:00,29.367459463705853
DT_U_250_02,2025-10-05T13:00:00,27.645626274888606
DT_U_250_02,2025-10-05T13:30:00,27.66452385899433
DT_U_250_02,2025-10-05T14:00:00,26.307170005936904
DT_U_250_02,2025-10-05T14:30:00,29.051017901631965
DT_U_250_02,2025-10-05T15:00:00,30.105923515013302
DT_U_250_02,2025-10-05T15:30:00,28.247333733639667
DT_U_250_02,2025-10-05T16:00:00,27.383207554657254
DT_U_250_02,2025-10-05T16:30:00,28.305768399039202
DT_U_250_02,2025-10-05T17:00:00,28.449242850186163
DT_U_250_02,2025-10-05T17:30:00,28.518262473203297
DT_U_250_02,2025-10-05T18:00:00,50.01374178742946
DT_U_250_02,2025-10-05T18:30:00,49.825751687924466
DT_U_250_02,2025-10-05T19:00:00,50.46285548489576
DT_U_250_02,2025-10-05T19:30:00,48.717633321936724
DT_U_250_02,2025-10-05T20:00:00,47.92070498777705
DT_U_250_02,2025-10-05T20:30:00,49.32613496677384
DT_U_250_02,2025-10-05T21:00:00,48.72860568538488
DT_U_250_02,2025-10-05T21:30:00,30.63088498312227
DT_U_250_02,2025-10-05T22:00:00,29.29824755728104
DT_U_250_02,2025-10-05T22:30:00,27.842152637336824
DT_U_250_02,2025-10-05T23:00:00,27.926283560967416
DT_U_250_02,2025-10-05T23:30:00,26.548932803026098
DT_U_250_02,2025-10-06T00:00:00,5.769253904197523
DT_U_250_02,2025-10-06T00:30:00,5.415337736680595
DT_U_250_02,2025-10-06T01:00:00,5.727794448896549
DT_U_250_02,2025-10-06T01:30:00,5.740804210654071
DT_U_250_02,2025-10-06T02:00:00,5.7875920034869655
DT_U_250_02,2025-10-06T02:30:00,24.391239516152318
DT_U_250_02,2025-10-06T03:00:00,31.53974765652204
DT_U_250_02,2025-10-06T03:30:00,30.4642646562056
DT_U_250_02,2025-10-06T04:00:00,32.587462142841396
DT_U_250_02,2025-10-06T04:30:00,32.58203408270715
DT_U_250_02,2025-10-06T05:00:00,30.63027737990784
DT_U_250_02,2025-10-06T05:30:00,26.42020596790009
DT_U_250_02,2025-10-06T06:00:00,25.16411847327916
DT_U_250_02,2025-10-06T06:30:00,25.077426563911278
DT_U_250_02,2025-10-06T07:00:00,25.107064594290996
DT_U_250_02,2025-10-06T07:30:00,23.902264439118877
DT_U_250_02,2025-10-06T08:00:00,28.665870230182644
DT_U_250_02,2025-10-06T08:30:00,27.155690763744907
DT_U_250_02,2025-10-06T09:00:00,26.33245915103256
DT_U_250_02,2025-10-06T09:30:00,24.03176931379932
DT_U_250_02,2025-10-06T10:00:00,25.119084355504253
DT_U_250_02,2025-10-06T10:30:00,24.338682864743927
DT_U_250_02,2025-10-06T11:00:00,24.638164082585767
DT_U_250_02,2025-10-06T11:30:00,24.576500247543937
DT_U_250_02,2025-10-06T12:00:00,24.992155026138974
DT_U_250_02,2025-10-06T12:30:00,25.66273665531281
DT_U_250_02,2025-10-06T13:00:00,24.15811376671724
DT_U_250_02,2025-10-06T13:30:00,24.174627409135855
DT_U_250_02,2025-10-06T14:00:00,22.98850456721498
DT_U_250_02,2025-10-06T14:30:00,25.38621438806208
DT_U_250_02,2025-10-06T15:00:00,26.308043019029405
DT_U_250_02,2025-10-06T15:30:00,24.683915464904633
DT_U_250_02,2025-10-06T16:00:00,23.928799327072092
DT_U_250_02,2025-10-06T16:30:00,24.73497856185188
DT_U_250_02,2025-10-06T17:00:00,24.860353624039345
DT_U_250_02,2025-10-06T17:30:00,24.92066637978612
DT_U_250_02,2025-10-06T18:00:00,43.70447795199421
DT_U_250_02,2025-10-06T18:30:00,43.54020291746612
DT_U_250_02,2025-10-06T19:00:00,44.096935684356644
DT_U_250_02,2025-10-06T19:30:00,42.57187435488127
DT_U_250_02,2025-10-06T20:00:00,41.87547901302434
DT_U_250_02,2025-10-06T20:30:00,43.10361314846261
DT_U_250_02,2025-10-06T21:00:00,42.58146254803105
DT_U_250_02,2025-10-06T21:30:00,26.766780279803235
DT_U_250_02,2025-10-06T22:00:00,25.602255872826767
DT_U_250_02,2025-10-06T22:30:00,24.329848209445185
DT_U_250_02,2025-10-06T23:00:00,24.403365966075395
DT_U_250_02,2025-10-06T23:30:00,23.199768840940102
DT_U_250_02,2025-10-07T00:00:00,4.260412199320131
DT_U_250_02,2025-10-07T00:30:00,3.999056262718224
DT_U_250_02,2025-10-07T01:00:00,4.2297956981096485
DT_U_250_02,2025-10-07T01:30:00,4.239402997185474
DT_U_250_02,2025-10-07T02:00:00,4.273954307749133
DT_U_250_02,2025-10-07T02:30:00,18.012161731267906
DT_U_250_02,2025-10-07T03:00:00,23.29110971898117
DT_U_250_02,2025-10-07T03:30:00,22.496899415396534
DT_U_250_02,2025-10-07T04:00:00,24.06481385005985
DT_U_250_02,2025-10-07T04:30:00,24.060805398707455
DT_U_250_02,2025-10-07T05:00:00,22.61949458022171
DT_U_250_02,2025-10-07T05:30:00,19.51048951620873
DT_U_250_02,2025-10-07T06:00:00,18.58290848504577
DT_U_250_02,2025-10-07T06:30:00,18.518889241936268
DT_U_250_02,2025-10-07T07:00:00,18.540775993375945
DT_U_250_02,2025-10-07T07:30:00,17.65106904615639
DT_U_250_02,2025-10-07T08:00:00,21.16884180534006
DT_U_250_02,2025-10-07T08:30:00,20.053621860297785
DT_U_250_02,2025-10-07T09:00:00,19.44569125715448
DT_U_250_02,2025-10-07T09:30:00,17.746704314966202
DT_U_250_02,2025-10-07T10:00:00,18.549652208248133
DT_U_250_02,2025-10-07T10:30:00,17.97335030044271
DT_U_250_02,2025-10-07T11:00:00,18.194507742141074
DT_U_250_02,2025-10-07T11:30:00,18.148970943201107
DT_U_250_02,2025-10-07T12:00:00,18.45591889848933
DT_U_250_02,2025-10-07T12:30:00,18.951122299312708
DT_U_250_02,2025-10-07T13:00:00,17.84000571190009
DT_U_250_02,2025-10-07T13:30:00,17.852200516424865
DT_U_250_02,2025-10-07T14:00:00,16.97628617645531
DT_U_250_02,2025-10-07T14:30:00,18.746919319110788
DT_U_250_02,2025-10-07T15:00:00,19.427660713106008
DT_U_250_02,2025-10-07T15:30:00,18.228293696200964
DT_U_250_02,2025-10-07T16:00:00,17.67066422470473
DT_U_250_02,2025-10-07T16:30:00,18.266002184123614
DT_U_250_02,2025-10-07T17:00:00,18.358587716551884
DT_U_250_02,2025-10-07T17:30:00,18.403126786009587
DT_U_250_02,2025-10-07T18:00:00,32.274379689914724
DT_U_250_02,2025-10-07T18:30:00,32.153067753784136
DT_U_250_02,2025-10-07T19:00:00,32.564197357578465
DT_U_250_02,2025-10-07T19:30:00,31.437987625661314
DT_U_250_02,2025-10-07T20:00:00,30.92372161149988
DT_U_250_02,2025-10-07T20:30:00,31.83065996781243
DT_U_250_02,2025-10-07T21:00:00,31.44506820414566
DT_U_250_02,2025-10-07T21:30:00,19.76642372380685
DT_U_250_02,2025-10-07T22:00:00,18.906459147403154
DT_U_250_02,2025-10-07T22:30:00,17.966826185914808
DT_U_250_02,2025-10-07T23:00:00,18.02111673239017
DT_U_250_02,2025-10-07T23:30:00,17.132298184941217
DT_P_200_03,2025-10-01T00:00:00,4.697786759708063
DT_P_200_03,2025-10-01T00:30:00,4.406896930413568
DT_P_200_03,2025-10-01T01:00:00,4.655098336582381
DT_P_200_03,2025-10-01T01:30:00,4.671914796171836
DT_P_200_03,2025-10-01T02:00:00,4.710389542197172
DT_P_200_03,2025-10-01T02:30:00,19.420960983668923
DT_P_200_03,2025-10-01T03:00:00,25.14082819385562
DT_P_200_03,2025-10-01T03:30:00,24.25914598092913
DT_P_200_03,2025-10-01T04:00:00,25.98186479762523
DT_P_200_03,2025-10-01T04:30:00,25.93070816771444
DT_P_200_03,2025-10-01T05:00:00,24.379039882052997
DT_P_200_03,2025-10-01T05:30:00,21.005434330995648
DT_P_200_03,2025-10-01T06:00:00,20.034777356778875
DT_P_200_03,2025-10-01T06:30:00,19.986884975356396
DT_P_200_03,2025-10-01T07:00:00,19.975339456329543
DT_P_200_03,2025-10-01T07:30:00,19.029140591905794
DT_P_200_03,2025-10-01T08:00:00,22.87124559223727
DT_P_200_03,2025-10-01T08:30:00,21.681928548680922
DT_P_200_03,2025-10-01T09:00:00,21.03417117249015
DT_P_200_03,2025-10-01T09:30:00,19.147504957666587
DT_P_200_03,2025-10-01T10:00:00,19.983587610945527
DT_P_200_03,2025-10-01T10:30:00,19.392157699387838
DT_P_200_03,2025-10-01T11:00:00,19.58290244159966
DT_P_200_03,2025-10-01T11:30:00,19.54416433338254
DT_P_200_03,2025-10-01T12:00:00,19.902233918679638
DT_P_200_03,2025-10-01T12:30:00,20.45303629109806
DT_P_200_03,2025-10-01T13:00:00,19.22080705403249
DT_P_200_03,2025-10-01T13:30:00,19.244261352480034
DT_P_200_03,2025-10-01T14:00:00,18.308678768492605
DT_P_200_03,2025-10-01T14:30:00,20.203320529871963
DT_P_200_03,2025-10-01T15:00:00,20.928037586306676
DT_P_200_03,2025-10-01T15:30:00,19.648014935187348
DT_P_200_03,2025-10-01T16:00:00,19.04148378567822
DT_P_200_03,2025-10-01T16:30:00,19.698059840629167
DT_P_200_03,2025-10-01T17:00:00,19.830882321139462
DT_P_200_03,2025-10-01T17:30:00,19.830971188445837
DT_P_200_03,2025-10-01T18:00:00,34.78274057711994
DT_P_200_03,2025-10-01T18:30:00,34.65823443655355
DT_P_200_03,2025-10-01T19:00:00,35.12136018094882
DT_P_200_03,2025-10-01T19:30:00,33.91021856591948
DT_P_200_03,2025-10-01T20:00:00,33.30995534200099
DT_P_200_03,2025-10-01T20:30:00,34.32119905016972
DT_P_200_03,2025-10-01T21:00:00,33.87605268671909
DT_P_200_03,2025-10-01T21:30:00,21.341659447689253
DT_P_200_03,2025-10-01T22:00:00,20.36969318100268
DT_P_200_03,2025-10-01T22:30:00,19.37563229990707
DT_P_200_03,2025-10-01T23:00:00,19.432706274825637
DT_P_200_03,2025-10-01T23:30:00,18.474162974859766
DT_P_200_03,2025-10-02T00:00:00,4.798222585227652
DT_P_200_03,2025-10-02T00:30:00,4.501113708191138
DT_P_200_03,2025-10-02T01:00:00,4.754621509562368
DT_P_200_03,2025-10-02T01:30:00,4.771797494836486
DT_P_200_03,2025-10-02T02:00:00,4.811094807546169
DT_P_200_03,2025-10-02T02:30:00,19.836169325075147
DT_P_200_03,2025-10-02T03:00:00,25.678323819572984
DT_P_200_03,2025-10-02T03:30:00,24.777791776837123
DT_P_200_03,2025-10-02T04:00:00,26.53734127473335
DT_P_200_03,2025-10-02T04:30:00,26.485090947169027
DT_P_200_03,2025-10-02T05:00:00,24.900248936693252
DT_P_200_03,2025-10-02T05:30:00,21.45451774949508
DT_P_200_03,2025-10-02T06:00:00,20.463108719153073
DT_P_200_03,2025-10-02T06:30:00,20.414192427725673
DT_P_200_03,2025-10-02T07:00:00,20.40240007251961
DT_P_200_03,2025-10-02T07:30:00,19.435972051491913
DT_P_200_03,2025-10-02T08:00:00,23.360218921426938
DT_P_200_03,2025-10-02T08:30:00,22.14547500236858
DT_P_200_03,2025-10-02T09:00:00,21.483868967193935
DT_P_200_03,2025-10-02T09:30:00,19.55686697544859
DT_P_200_03,2025-10-02T10:00:00,20.4108245676679
DT_P_200_03,2025-10-02T10:30:00,19.806750244083307
DT_P_200_03,2025-10-02T11:00:00,20.001572992945388
DT_P_200_03,2025-10-02T11:30:00,19.962006687520333
DT_P_200_03,2025-10-02T12:00:00,20.32773158290967
DT_P_200_03,2025-10-02T12:30:00,20.890309775262374
DT_P_200_03,2025-10-02T13:00:00,19.6317362260804
DT_P_200_03,2025-10-02T13:30:00,19.655691963172796
DT_P_200_03,2025-10-02T14:00:00,18.700107192204367
DT_P_200_03,2025-10-02T14:30:00,20.635255242843193
DT_P_200_03,2025-10-02T15:00:00,21.375466309447845
DT_P_200_03,2025-10-02T15:30:00,20.068077552069383
DT_P_200_03,2025-10-02T16:00:00,19.448579135244767
DT_P_200_03,2025-10-02T16:30:00,20.119192387171314
DT_P_200_03,2025-10-02T17:00:00,20.254854531582925
DT_P_200_03,2025-10-02T17:30:00,20.25494529881829
DT_P_200_03,2025-10-02T18:00:00,35.52637442905616
DT_P_200_03,2025-10-02T18:30:00,35.39920642288164
DT_P_200_03,2025-10-02T19:00:00,35.87223351419556
DT_P_200_03,2025-10-02T19:30:00,34.6351984275915
DT_P_200_03,2025-10-02T20:00:00,34.02210194079689
DT_P_200_03,2025-10-02T20:30:00,35.05496542479335
DT_P_200_03,2025-10-02T21:00:00,34.600302102660464
DT_P_200_03,2025-10-02T21:30:00,21.797931154819654
DT_P_200_03,2025-10-02T22:00:00,20.805184840130664
DT_P_200_03,2025-10-02T22:30:00,19.789871541606093
DT_P_200_03,2025-10-02T23:00:00,19.848165723417782
DT_P_200_03,2025-10-02T23:30:00,18.86912935031925
DT_P_200_03,2025-10-03T00:00:00,4.24575326798333
DT_P_200_03,2025-10-03T00:30:00,3.982853628956937
DT_P_200_03,2025-10-03T01:00:00,4.207172438060308
DT_P_200_03,2025-10-03T01:30:00,4.222370773342405
DT_P_200_03,2025-10-03T02:00:00,4.257143377342431
DT_P_200_03,2025-10-03T02:30:00,17.552224649914336
DT_P_200_03,2025-10-03T03:00:00,22.721711078793884
DT_P_200_03,2025-10-03T03:30:00,21.92486666496016
DT_P_200_03,2025-10-03T04:00:00,23.481820911699607
DT_P_200_03,2025-10-03T04:30:00,23.43558670829012
DT_P_200_03,2025-10-03T05:00:00,22.03322405718448
DT_P_200_03,2025-10-03T05:30:00,18.984235772714424
DT_P_200_03,2025-10-03T06:00:00,18.10697798491569
DT_P_200_03,2025-10-03T06:30:00,18.06369393535431
DT_P_200_03,2025-10-03T07:00:00,18.05325935676525
DT_P_200_03,2025-10-03T07:30:00,17.198106254618295
DT_P_200_03,2025-10-03T08:00:00,20.670513729772864
DT_P_200_03,2025-10-03T08:30:00,19.59563592398216
DT_P_200_03,2025-10-03T09:00:00,19.0102074791642
DT_P_200_03,2025-10-03T09:30:00,17.305081287425637
DT_P_200_03,2025-10-03T10:00:00,18.06071385208547
DT_P_200_03,2025-10-03T10:30:00,17.52619289397898
DT_P_200_03,2025-10-03T11:00:00,17.698583671598442
DT_P_200_03,2025-10-03T11:30:00,17.663573046814665
DT_P_200_03,2025-10-03T12:00:00,17.987188227686577
DT_P_200_03,2025-10-03T12:30:00,18.484990936137695
DT_P_200_03,2025-10-03T13:00:00,17.37133006181975
DT_P_200_03,2025-10-03T13:30:00,17.392527525513934
DT_P_200_03,2025-10-03T14:00:00,16.546969177165277
DT_P_200_03,2025-10-03T14:30:00,18.25930348723388
DT_P_200_03,2025-10-03T15:00:00,18.9142863479102
DT_P_200_03,2025-10-03T15:30:00,17.757430868497103
DT_P_200_03,2025-10-03T16:00:00,17.209261753574975
DT_P_200_03,2025-10-03T16:30:00,17.80266032051223
DT_P_200_03,2025-10-03T17:00:00,17.92270226995212
DT_P_200_03,2025-10-03T17:30:00,17.92278258621076
DT_P_200_03,2025-10-03T18:00:00,31.43585310030134
DT_P_200_03,2025-10-03T18:30:00,31.323327270536655
DT_P_200_03,2025-10-03T19:00:00,31.74188982846673
DT_P_200_03,2025-10-03T19:30:00,30.647287469307923
DT_P_200_03,2025-10-03T20:00:00,30.104783163565337
DT_P_200_03,2025-10-03T20:30:00,31.01872232221539
DT_P_200_03,2025-10-03T21:00:00,30.616409121547928
DT_P_200_03,2025-10-03T21:30:00,19.288108417642366
DT_P_200_03,2025-10-03T22:00:00,18.409667320965056
DT_P_200_03,2025-10-03T22:30:00,17.51125761223057
DT_P_200_03,2025-10-03T23:00:00,17.562839778029502
DT_P_200_03,2025-10-03T23:30:00,16.69653005464254
DT_P_200_03,2025-10-04T00:00:00,3.8877685309878993
DT_P_200_03,2025-10-04T00:30:00,3.6470355258172127
DT_P_200_03,2025-10-04T01:00:00,3.8524406805437383
DT_P_200_03,2025-10-04T01:30:00,3.866357553688184
DT_P_200_03,2025-10-04T02:00:00,3.8981982724108755
DT_P_200_03,2025-10-04T02:30:00,16.072292084739903
DT_P_200_03,2025-10-04T03:00:00,20.80590833397453
DT_P_200_03,2025-10-04T03:30:00,20.07625061703712
DT_P_200_03,2025-10-04T04:00:00,21.50192878121757
DT_P_200_03,2025-10-04T04:30:00,21.45959285877333
DT_P_200_03,2025-10-04T05:00:00,20.175471752369308
DT_P_200_03,2025-10-04T05:30:00,17.383561823664518
DT_P_200_03,2025-10-04T06:00:00,16.580270863097713
DT_P_200_03,2025-10-04T06:30:00,16.540636349465604
DT_P_200_03,2025-10-04T07:00:00,16.53108157232427
DT_P_200_03,2025-10-04T07:30:00,15.748031519751912
DT_P_200_03,2025-10-04T08:00:00,18.927659646160997
DT_P_200_03,2025-10-04T08:30:00,17.94341118793739
DT_P_200_03,2025-10-04T09:00:00,17.40734370090946
DT_P_200_03,2025-10-04T09:30:00,15.845986850620047
DT_P_200_03,2025-10-04T10:00:00,16.537907534760404
DT_P_200_03,2025-10-04T10:30:00,16.048455221139037
DT_P_200_03,2025-10-04T11:00:00,16.206310705892587
DT_P_200_03,2025-10-04T11:30:00,16.174252035335584
DT_P_200_03,2025-10-04T12:00:00,16.470581293521935
DT_P_200_03,2025-10-04T12:30:00,16.92641129173473
DT_P_200_03,2025-10-04T13:00:00,15.906649796403585
DT_P_200_03,2025-10-04T13:30:00,15.926059975725227
DT_P_200_03,2025-10-04T14:00:00,15.151795686131821
DT_P_200_03,2025-10-04T14:30:00,16.71975289537814
DT_P_200_03,2025-10-04T15:00:00,17.319510251340407
DT_P_200_03,2025-10-04T15:30:00,16.260196145247882
DT_P_200_03,2025-10-04T16:00:00,15.758246432172353
DT_P_200_03,2025-10-04T16:30:00,16.30161203287005
DT_P_200_03,2025-10-04T17:00:00,16.41153253082977
DT_P_200_03,2025-10-04T17:30:00,16.411606075146448
DT_P_200_03,2025-10-04T18:00:00,28.78530915814625
DT_P_200_03,2025-10-04T18:30:00,28.682271051061374
DT_P_200_03,2025-10-04T19:00:00,29.065542107634865
DT_P_200_03,2025-10-04T19:30:00,28.063232190576485
DT_P_200_03,2025-10-04T20:00:00,27.56646965289062
DT_P_200_03,2025-10-04T20:30:00,28.403349159533487
DT_P_200_03,2025-10-04T21:00:00,28.034957380164048
DT_P_200_03,2025-10-04T21:30:00,17.66181315665826
DT_P_200_03,2025-10-04T22:00:00,16.85743865902979
DT_P_200_03,2025-10-04T22:30:00,16.034779221918647
DT_P_200_03,2025-10-04T23:00:00,16.082012188201816
DT_P_200_03,2025-10-04T23:30:00,15.288746195552077
DT_P_200_03,2025-10-05T00:00:00,3.919082848668027
DT_P_200_03,2025-10-05T00:30:00,3.67641084179497
DT_P_200_03,2025-10-05T01:00:00,3.8834704474531745
DT_P_200_03,2025-10-05T01:30:00,3.8974994150763123
DT_P_200_03,2025-10-05T02:00:00,3.9295965972106752
DT_P_200_03,2025-10-05T02:30:00,16.201747543874827
DT_P_200_03,2025-10-05T03:00:00,20.97349105347047
DT_P_200_03,2025-10-05T03:30:00,20.237956254766537
DT_P_200_03,2025-10-05T04:00:00,21.67511764861638
DT_P_200_03,2025-10-05T04:30:00,21.632440728369897
DT_P_200_03,2025-10-05T05:00:00,20.337976574033576
DT_P_200_03,2025-10-05T05:30:00,17.523579001389873
DT_P_200_03,2025-10-05T06:00:00,16.713817874678075
DT_P_200_03,2025-10-05T06:30:00,16.673864121939758
DT_P_200_03,2025-10-05T07:00:00,16.664232385142938
DT_P_200_03,2025-10-05T07:30:00,15.874875198308274
DT_P_200_03,2025-10-05T08:00:00,19.080113873406518
DT_P_200_03,2025-10-05T08:30:00,18.087937713558876
DT_P_200_03,2025-10-05T09:00:00,17.547552431514866
DT_P_200_03,2025-10-05T09:30:00,15.973619517596074
DT_P_200_03,2025-10-05T10:00:00,16.67111332779574
DT_P_200_03,2025-10-05T10:30:00,16.177718684502263
DT_P_200_03,2025-10-05T11:00:00,16.336845627872172
DT_P_200_03,2025-10-05T11:30:00,16.304528738394414
DT_P_200_03,2025-10-05T12:00:00,16.603244802393608
DT_P_200_03,2025-10-05T12:30:00,17.062746316865255
DT_P_200_03,2025-10-05T13:00:00,16.034771077539773
DT_P_200_03,2025-10-05T13:30:00,16.05433759757889
DT_P_200_03,2025-10-05T14:00:00,15.273836939297516
DT_P_200_03,2025-10-05T14:30:00,16.854423375250065
DT_P_200_03,2025-10-05T15:00:00,17.459011520963802
DT_P_200_03,2025-10-05T15:30:00,16.39116509146344
DT_P_200_03,2025-10-05T16:00:00,15.885172387492382
DT_P_200_03,2025-10-05T16:30:00,16.43291456639968
DT_P_200_03,2025-10-05T17:00:00,16.54372042709775
DT_P_200_03,2025-10-05T17:30:00,16.54379456378254
DT_P_200_03,2025-10-05T18:00:00,29.01716254867458
DT_P_200_03,2025-10-05T18:30:00,28.913294513575032
DT_P_200_03,2025-10-05T19:00:00,29.29965265507333
DT_P_200_03,2025-10-05T19:30:00,28.289269559041834
DT_P_200_03,2025-10-05T20:00:00,27.788505810946273
DT_P_200_03,2025-10-05T20:30:00,28.63212602514982
DT_P_200_03,2025-10-05T21:00:00,28.260767007088578
DT_P_200_03,2025-10-05T21:30:00,17.80407153021789
DT_P_200_03,2025-10-05T22:00:00,16.993218139015443
DT_P_200_03,2025-10-05T22:30:00,16.163932530939928
DT_P_200_03,2025-10-05T23:00:00,16.211545938625243
DT_P_200_03,2025-10-05T23:30:00,15.411890526672197
DT_P_200_03,2025-10-06T00:00:00,4.422653712510054
DT_P_200_03,2025-10-06T00:30:00,4.148800289767497
DT_P_200_03,2025-10-06T01:00:00,4.38246540199812
DT_P_200_03,2025-10-06T01:30:00,4.398296979981281
DT_P_200_03,2025-10-06T02:00:00,4.434518393819444
DT_P_200_03,2025-10-06T02:30:00,18.283542780531384
DT_P_200_03,2025-10-06T03:00:00,23.66841724294073
DT_P_200_03,2025-10-06T03:30:00,22.838372093659466
DT_P_200_03,2025-10-06T04:00:00,24.46019725516284
DT_P_200_03,2025-10-06T04:30:00,24.41203669131287
DT_P_200_03,2025-10-06T05:00:00,22.951244225587768
DT_P_200_03,2025-10-06T05:30:00,19.775219029447214
DT_P_200_03,2025-10-06T06:00:00,18.861410061485376
DT_P_200_03,2025-10-06T06:30:00,18.816322570431986
DT_P_200_03,2025-10-06T07:00:00,18.805453232337523
DT_P_200_03,2025-10-06T07:30:00,17.914669947662304
DT_P_200_03,2025-10-06T08:00:00,21.531756208219907
DT_P_200_03,2025-10-06T08:30:00,20.412093331405373
DT_P_200_03,2025-10-06T09:00:00,19.802272853986782
DT_P_200_03,2025-10-06T09:30:00,18.026102123799095
DT_P_200_03,2025-10-06T10:00:00,18.813218321197365
DT_P_200_03,2025-10-06T10:30:00,18.256426404528366
DT_P_200_03,2025-10-06T11:00:00,18.435999889966286
DT_P_200_03,2025-10-06T11:30:00,18.39953053814481
DT_P_200_03,2025-10-06T12:00:00,18.736629232009232
DT_P_200_03,2025-10-06T12:30:00,19.255173023338543
DT_P_200_03,2025-10-06T13:00:00,18.095111171082365
DT_P_200_03,2025-10-06T13:30:00,18.117191832766085
DT_P_200_03,2025-10-06T14:00:00,17.236403069870235
DT_P_200_03,2025-10-06T14:30:00,19.020082246564442
DT_P_200_03,2025-10-06T15:00:00,19.702355143165544
DT_P_200_03,2025-10-06T15:30:00,18.497298971049794
DT_P_200_03,2025-10-06T16:00:00,17.92629024346416
DT_P_200_03,2025-10-06T16:30:00,18.54441292027005
DT_P_200_03,2025-10-06T17:00:00,18.669456449612824
DT_P_200_03,2025-10-06T17:30:00,18.669540112269846
DT_P_200_03,2025-10-06T18:00:00,32.74563632050281
DT_P_200_03,2025-10-06T18:30:00,32.62842207197008
DT_P_200_03,2025-10-06T19:00:00,33.06442415073109
DT_P_200_03,2025-10-06T19:30:00,31.92421489176128
DT_P_200_03,2025-10-06T20:00:00,31.3591069991435
DT_P_200_03,2025-10-06T20:30:00,32.31112567707574
DT_P_200_03,2025-10-06T21:00:00,31.892049989390074
DT_P_200_03,2025-10-06T21:30:00,20.091752609331643
DT_P_200_03,2025-10-06T22:00:00,19.17671102961059
DT_P_200_03,2025-10-06T22:30:00,18.240868840274672
DT_P_200_03,2025-10-06T23:00:00,18.294600190796203
DT_P_200_03,2025-10-06T23:30:00,17.392195441275568
DT_P_200_03,2025-10-07T00:00:00,3.4250453230198348
DT_P_200_03,2025-10-07T00:30:00,3.212964421884794
DT_P_200_03,2025-10-07T01:00:00,3.393922202398925
DT_P_200_03,2025-10-07T01:30:00,3.406182685731334
DT_P_200_03,2025-10-07T02:00:00,3.4342337139428913
DT_P_200_03,2025-10-07T02:30:00,14.159363757455774
DT_P_200_03,2025-10-07T03:00:00,18.329583786293753
DT_P_200_03,2025-10-07T03:30:00,17.686770118020462
DT_P_200_03,2025-10-07T04:00:00,18.942763701341367
DT_P_200_03,2025-10-07T04:30:00,18.905466611247753
DT_P_200_03,2025-10-07T05:00:00,17.77418192837015
DT_P_200_03,2025-10-07T05:30:00,15.31456583564636
DT_P_200_03,2025-10-07T06:00:00,14.606882771291103
DT_P_200_03,2025-10-07T06:30:00,14.571965567639753
DT_P_200_03,2025-10-07T07:00:00,14.563548002525065
DT_P_200_03,2025-10-07T07:30:00,13.873696768101938
DT_P_200_03,2025-10-07T08:00:00,16.674884739169872
DT_P_200_03,2025-10-07T08:30:00,15.80778178495371
DT_P_200_03,2025-10-07T09:00:00,15.33551718776035
DT_P_200_03,2025-10-07T09:30:00,13.959993430359637
DT_P_200_03,2025-10-07T10:00:00,14.569561537160846
DT_P_200_03,2025-10-07T10:30:00,14.138363963476046
DT_P_200_03,2025-10-07T11:00:00,14.277431447936289
DT_P_200_03,2025-10-07T11:30:00,14.249188408573657
DT_P_200_03,2025-10-07T12:00:00,14.510248482427178
DT_P_200_03,2025-10-07T12:30:00,14.911825477309163
DT_P_200_03,2025-10-07T13:00:00,14.013436256772893
DT_P_200_03,2025-10-07T13:30:00,14.030536231571979
DT_P_200_03,2025-10-07T14:00:00,13.348425076364054
DT_P_200_03,2025-10-07T14:30:00,14.729763616305297
DT_P_200_03,2025-10-07T15:00:00,15.258137697892744
DT_P_200_03,2025-10-07T15:30:00,14.324903428475169
DT_P_200_03,2025-10-07T16:00:00,13.882695899025453
DT_P_200_03,2025-10-07T16:30:00,14.361389986527268
DT_P_200_03,2025-10-07T17:00:00,14.458227718619634
DT_P_200_03,2025-10-07T17:30:00,14.458292509672876
DT_P_200_03,2025-10-07T18:00:00,25.35927427725139
DT_P_200_03,2025-10-07T18:30:00,25.268499792106255
DT_P_200_03,2025-10-07T19:00:00,25.6061538291979
DT_P_200_03,2025-10-07T19:30:00,24.723139095611156
DT_P_200_03,2025-10-07T20:00:00,24.28550136260546
DT_P_200_03,2025-10-07T20:30:00,25.022775255665636
DT_P_200_03,2025-10-07T21:00:00,24.698229560387933
DT_P_200_03,2025-10-07T21:30:00,15.5596996236016
DT_P_200_03,2025-10-07T22:00:00,14.851061985043744
DT_P_200_03,2025-10-07T22:30:00,14.126315685191456
DT_P_200_03,2025-10-07T23:00:00,14.167926971709948
DT_P_200_03,2025-10-07T23:30:00,13.469075701018355
DT_R_160_04,2025-10-01T00:00:00,3.06517059670885
DT_R_160_04,2025-10-01T00:30:00,2.889474603368972
DT_R_160_04,2025-10-01T01:00:00,3.0443733365645036
DT_R_160_04,2025-10-01T01:30:00,3.027857426142965
DT_R_160_04,2025-10-01T02:00:00,3.0539501437923913
DT_R_160_04,2025-10-01T02:30:00,12.95116307643019
DT_R_160_04,2025-10-01T03:00:00,16.571181577800935
DT_R_160_04,2025-10-01T03:30:00,16.15012561424557
DT_R_160_04,2025-10-01T04:00:00,17.054104353101817
DT_R_160_04,2025-10-01T04:30:00,17.177227121682996
DT_R_160_04,2025-10-01T05:00:00,16.230971340098005
DT_R_160_04,2025-10-01T05:30:00,13.997438134312025
DT_R_160_04,2025-10-01T06:00:00,13.27906706994689
DT_R_160_04,2025-10-01T06:30:00,13.226753123280497
DT_R_160_04,2025-10-01T07:00:00,13.262965268881542
DT_R_160_04,2025-10-01T07:30:00,12.723506020613847
DT_R_160_04,2025-10-01T08:00:00,14.829997310730217
DT_R_160_04,2025-10-01T08:30:00,14.141524726315248
DT_R_160_04,2025-10-01T09:00:00,13.699994719952283
DT_R_160_04,2025-10-01T09:30:00,12.682965605402675
DT_R_160_04,2025-10-01T10:00:00,13.225630147841569
DT_R_160_04,2025-10-01T10:30:00,12.90394069758074
DT_R_160_04,2025-10-01T11:00:00,13.123587006526389
DT_R_160_04,2025-10-01T11:30:00,13.100234829659872
DT_R_160_04,2025-10-01T12:00:00,13.174851457288197
DT_R_160_04,2025-10-01T12:30:00,13.482723111042278
DT_R_160_04,2025-10-01T13:00:00,12.765966235470371
DT_R_160_04,2025-10-01T13:30:00,12.811151442480911
DT_R_160_04,2025-10-01T14:00:00,12.238047337628485
DT_R_160_04,2025-10-01T14:30:00,13.418705195038376
DT_R_160_04,2025-10-01T15:00:00,13.886111866783812
DT_R_160_04,2025-10-01T15:30:00,13.077871425976376
DT_R_160_04,2025-10-01T16:00:00,12.725845088207988
DT_R_160_04,2025-10-01T16:30:00,13.07459503499303
DT_R_160_04,2025-10-01T17:00:00,13.030637480570823
DT_R_160_04,2025-10-01T17:30:00,13.178838560458447
DT_R_160_04,2025-10-01T18:00:00,22.528031154070295
DT_R_160_04,2025-10-01T18:30:00,22.40945163635267
DT_R_160_04,2025-10-01T19:00:00,22.682570849543083
DT_R_160_04,2025-10-01T19:30:00,21.89167710618667
DT_R_160_04,2025-10-01T20:00:00,21.709384788125433
DT_R_160_04,2025-10-01T20:30:00,22.21427425273224
DT_R_160_04,2025-10-01T21:00:00,22.057143609485717
DT_R_160_04,2025-10-01T21:30:00,14.021621109151896
DT_R_160_04,2025-10-01T22:00:00,13.573999334021503
DT_R_160_04,2025-10-01T22:30:00,12.924844032095411
DT_R_160_04,2025-10-01T23:00:00,12.883175843373051
DT_R_160_04,2025-10-01T23:30:00,12.347648572364722
DT_R_160_04,2025-10-02T00:00:00,2.679161649565367
DT_R_160_04,2025-10-02T00:30:00,2.5255917413051496
DT_R_160_04,2025-10-02T01:00:00,2.6609834699056134
DT_R_160_04,2025-10-02T01:30:00,2.6465474728173755
DT_R_160_04,2025-10-02T02:00:00,2.6693542322631103
DT_R_160_04,2025-10-02T02:30:00,11.320172348284679
DT_R_160_04,2025-10-02T03:00:00,14.484307731158065
DT_R_160_04,2025-10-02T03:30:00,14.1162769954171
DT_R_160_04,2025-10-02T04:00:00,14.906414148555195
DT_R_160_04,2025-10-02T04:30:00,15.014031584310708
DT_R_160_04,2025-10-02T05:00:00,14.186941502139073
DT_R_160_04,2025-10-02T05:30:00,12.234685887264728
DT_R_160_04,2025-10-02T06:00:00,11.606782106681994
DT_R_160_04,2025-10-02T06:30:00,11.561056260363197
DT_R_160_04,2025-10-02T07:00:00,11.592708068535625
DT_R_160_04,2025-10-02T07:30:00,11.12118503780643
DT_R_160_04,2025-10-02T08:00:00,12.962397623390723
DT_R_160_04,2025-10-02T08:30:00,12.36062708999129
DT_R_160_04,2025-10-02T09:00:00,11.974700687901258
DT_R_160_04,2025-10-02T09:30:00,11.08575003598048
DT_R_160_04,2025-10-02T10:00:00,11.560074705622782
DT_R_160_04,2025-10-02T10:30:00,11.2788968686913
DT_R_160_04,2025-10-02T11:00:00,11.47088225705031
DT_R_160_04,2025-10-02T11:30:00,11.450470911345173
DT_R_160_04,2025-10-02T12:00:00,11.515690774597275
DT_R_160_04,2025-10-02T12:30:00,11.784790944294794
DT_R_160_04,2025-10-02T13:00:00,11.158298071383761
DT_R_160_04,2025-10-02T13:30:00,11.197792928172579
DT_R_160_04,2025-10-02T14:00:00,10.696862069518987
DT_R_160_04,2025-10-02T14:30:00,11.728835055370729
DT_R_160_04,2025-10-02T15:00:00,12.137379372948335
DT_R_160_04,2025-10-02T15:30:00,11.430923818740638
DT_R_160_04,2025-10-02T16:00:00,11.123229537450491
DT_R_160_04,2025-10-02T16:30:00,11.428060036515598
DT_R_160_04,2025-10-02T17:00:00,11.389638229212895
DT_R_160_04,2025-10-02T17:30:00,11.51917576623789
DT_R_160_04,2025-10-02T18:00:00,19.69098789248629
DT_R_160_04,2025-10-02T18:30:00,19.587341558205868
DT_R_160_04,2025-10-02T19:00:00,19.826065798391685
DT_R_160_04,2025-10-02T19:30:00,19.134772404034827
DT_R_160_04,2025-10-02T20:00:00,18.975436872079626
DT_R_160_04,2025-10-02T20:30:00,19.416743627500203
DT_R_160_04,2025-10-02T21:00:00,19.279401062029418
DT_R_160_04,2025-10-02T21:30:00,12.255823405298132
DT_R_160_04,2025-10-02T22:00:00,11.864572394758168
DT_R_160_04,2025-10-02T22:30:00,11.297167764360166
DT_R_160_04,2025-10-02T23:00:00,11.260747013961584
DT_R_160_04,2025-10-02T23:30:00,10.792660791184144
DT_R_160_04,2025-10-03T00:00:00,2.9260792947679346
DT_R_160_04,2025-10-03T00:30:00,2.7583560336752226
DT_R_160_04,2025-10-03T01:00:00,2.906225772630662
DT_R_160_04,2025-10-03T01:30:00,2.8904593211416016
DT_R_160_04,2025-10-03T02:00:00,2.9153680035295215
DT_R_160_04,2025-10-03T02:30:00,12.363465238050821
DT_R_160_04,2025-10-03T03:00:00,15.81921455096384
DT_R_160_04,2025-10-03T03:30:00,15.417265263631906
DT_R_160_04,2025-10-03T04:00:00,16.280223258047556
DT_R_160_04,2025-10-03T04:30:00,16.3977589620135
DT_R_160_04,2025-10-03T05:00:00,15.494442372384448
DT_R_160_04,2025-10-03T05:30:00,13.362262429563543
DT_R_160_04,2025-10-03T06:00:00,12.676489605154941
DT_R_160_04,2025-10-03T06:30:00,12.626549560600003
DT_R_160_04,2025-10-03T07:00:00,12.661118471568974
DT_R_160_04,2025-10-03T07:30:00,12.146138803415413
DT_R_160_04,2025-10-03T08:00:00,14.157041738226507
DT_R_160_04,2025-10-03T08:30:00,13.49981066063655
DT_R_160_04,2025-10-03T09:00:00,13.078316401548777
DT_R_160_04,2025-10-03T09:30:00,12.107438031041411
DT_R_160_04,2025-10-03T10:00:00,12.625477543537096
DT_R_160_04,2025-10-03T10:30:00,12.31838571616404
DT_R_160_04,2025-10-03T11:00:00,12.528064915575696
DT_R_160_04,2025-10-03T11:30:00,12.505772413719441
DT_R_160_04,2025-10-03T12:00:00,12.577003088247992
DT_R_160_04,2025-10-03T12:30:00,12.870904143041825
DT_R_160_04,2025-10-03T13:00:00,12.18667225877234
DT_R_160_04,2025-10-03T13:30:00,12.229807051597676
DT_R_160_04,2025-10-03T14:00:00,11.682709263058344
DT_R_160_04,2025-10-03T14:30:00,12.809791231834096
DT_R_160_04,2025-10-03T15:00:00,13.255987925061945
DT_R_160_04,2025-10-03T15:30:00,12.484423816499737
DT_R_160_04,2025-10-03T16:00:00,12.148371728807435
DT_R_160_04,2025-10-03T16:30:00,12.481296101576389
DT_R_160_04,2025-10-03T17:00:00,12.439333252923998
DT_R_160_04,2025-10-03T17:30:00,12.580809264662804
DT_R_160_04,2025-10-03T18:00:00,21.505754225422468
DT_R_160_04,2025-10-03T18:30:00,21.392555608696323
DT_R_160_04,2025-10-03T19:00:00,21.65328121906785
DT_R_160_04,2025-10-03T19:30:00,20.898276649572914
DT_R_160_04,2025-10-03T20:00:00,20.724256391761827
DT_R_160_04,2025-10-03T20:30:00,21.206234983791486
DT_R_160_04,2025-10-03T21:00:00,21.056234614392505
DT_R_160_04,2025-10-03T21:30:00,13.385348029445264
DT_R_160_04,2025-10-03T22:00:00,12.958038433854513
DT_R_160_04,2025-10-03T22:30:00,12.338340499229187
DT_R_160_04,2025-10-03T23:00:00,12.298563129446931
DT_R_160_04,2025-10-03T23:30:00,11.78733701330071
DT_R_160_04,2025-10-04T00:00:00,3.687405232967313
DT_R_160_04,2025-10-04T00:30:00,3.476042666084908
DT_R_160_04,2025-10-04T01:00:00,3.6623860950537543
DT_R_160_04,2025-10-04T01:30:00,3.6425174278477623
DT_R_160_04,2025-10-04T02:00:00,3.673907009786901
DT_R_160_04,2025-10-04T02:30:00,15.580270328939843
DT_R_160_04,2025-10-04T03:00:00,19.935158497228283
DT_R_160_04,2025-10-04T03:30:00,19.42862748552759
DT_R_160_04,2025-10-04T04:00:00,20.51611538448134
DT_R_160_04,2025-10-04T04:30:00,20.664232276132047
DT_R_160_04,2025-10-04T05:00:00,19.525885025741303
DT_R_160_04,2025-10-04T05:30:00,16.838940932037477
DT_R_160_04,2025-10-04T06:00:00,15.974739368575882
DT_R_160_04,2025-10-04T06:30:00,15.911805605312605
DT_R_160_04,2025-10-04T07:00:00,15.955368875601588
DT_R_160_04,2025-10-04T07:30:00,15.30639851905087
DT_R_160_04,2025-10-04T08:00:00,17.84051098075702
DT_R_160_04,2025-10-04T08:30:00,17.012277337496794
DT_R_160_04,2025-10-04T09:00:00,16.48111601886643
DT_R_160_04,2025-10-04T09:30:00,15.257628333353264
DT_R_160_04,2025-10-04T10:00:00,15.910454664025863
DT_R_160_04,2025-10-04T10:30:00,15.523461730074386
DT_R_160_04,2025-10-04T11:00:00,15.787696598397142
DT_R_160_04,2025-10-04T11:30:00,15.759603891494878
DT_R_160_04,2025-10-04T12:00:00,15.849367816373478
DT_R_160_04,2025-10-04T12:30:00,16.219737918564213
DT_R_160_04,2025-10-04T13:00:00,15.357478226856685
DT_R_160_04,2025-10-04T13:30:00,15.41183610467343
DT_R_160_04,2025-10-04T14:00:00,14.722390930712491
DT_R_160_04,2025-10-04T14:30:00,16.142724261076467
DT_R_160_04,2025-10-04T15:00:00,16.70501525041603
DT_R_160_04,2025-10-04T15:30:00,15.732700680346365
DT_R_160_04,2025-10-04T16:00:00,15.309212421186093
DT_R_160_04,2025-10-04T16:30:00,15.728759176643367
DT_R_160_04,2025-10-04T17:00:00,15.675878166895023
DT_R_160_04,2025-10-04T17:30:00,15.85416430799784
DT_R_160_04,2025-10-04T18:00:00,27.101258264438457
DT_R_160_04,2025-10-04T18:30:00,26.958606910995293
DT_R_160_04,2025-10-04T19:00:00,27.287169770440567
DT_R_160_04,2025-10-04T19:30:00,26.33572330572996
DT_R_160_04,2025-10-04T20:00:00,26.1164253494366
DT_R_160_04,2025-10-04T20:30:00,26.723808199794156
DT_R_160_04,2025-10-04T21:00:00,26.534779779389474
DT_R_160_04,2025-10-04T21:30:00,16.868033090258297
DT_R_160_04,2025-10-04T22:00:00,16.329543363853446
DT_R_160_04,2025-10-04T22:30:00,15.548608475628658
DT_R_160_04,2025-10-04T23:00:00,15.498481576555543
DT_R_160_04,2025-10-04T23:30:00,14.854241395068382
DT_R_160_04,2025-10-05T00:00:00,3.210592669267458
DT_R_160_04,2025-10-05T00:30:00,3.0265610630520157
DT_R_160_04,2025-10-05T01:00:00,3.188808716677028
DT_R_160_04,2025-10-05T01:30:00,3.1715092355379992
DT_R_160_04,2025-10-05T02:00:00,3.1988398800693223
DT_R_160_04,2025-10-05T02:30:00,13.56561010872302
DT_R_160_04,2025-10-05T03:00:00,17.357374546106296
DT_R_160_04,2025-10-05T03:30:00,16.916342261836796
DT_R_160_04,2025-10-05T04:00:00,17.863208813167347
DT_R_160_04,2025-10-05T04:30:00,17.992172942815163
DT_R_160_04,2025-10-05T05:00:00,17.001023582687953
DT_R_160_04,2025-10-05T05:30:00,14.661523998305423
DT_R_160_04,2025-10-05T06:00:00,13.909070978058848
DT_R_160_04,2025-10-05T06:30:00,13.854275080614213
DT_R_160_04,2025-10-05T07:00:00,13.892205253026148
DT_R_160_04,2025-10-05T07:30:00,13.327152231273796
DT_R_160_04,2025-10-05T08:00:00,15.533582601310968
DT_R_160_04,2025-10-05T08:30:00,14.812446546147289
DT_R_160_04,2025-10-05T09:00:00,14.349968861149062
DT_R_160_04,2025-10-05T09:30:00,13.284688441484805
DT_R_160_04,2025-10-05T10:00:00,13.85309882741778
DT_R_160_04,2025-10-05T10:30:00,13.516147340313914
DT_R_160_04,2025-10-05T11:00:00,13.746214413934462
DT_R_160_04,2025-10-05T11:30:00,13.721754330720959
DT_R_160_04,2025-10-05T12:00:00,13.799911023834937
DT_R_160_04,2025-10-05T12:30:00,14.122389151375188
DT_R_160_04,2025-10-05T13:00:00,13.371626902504248
DT_R_160_04,2025-10-05T13:30:00,13.418955848744025
DT_R_160_04,2025-10-05T14:00:00,12.818661744480481
DT_R_160_04,2025-10-05T14:30:00,14.05533400865504
DT_R_160_04,2025-10-05T15:00:00,14.544916035666487
DT_R_160_04,2025-10-05T15:30:00,13.698329931438522
DT_R_160_04,2025-10-05T16:00:00,13.329602272155283
DT_R_160_04,2025-10-05T16:30:00,13.694898097372226
DT_R_160_04,2025-10-05T17:00:00,13.64885504771672
DT_R_160_04,2025-10-05T17:30:00,13.804087288680934
DT_R_160_04,2025-10-05T18:00:00,23.596837237688412
DT_R_160_04,2025-10-05T18:30:00,23.472631906109722
DT_R_160_04,2025-10-05T19:00:00,23.758708819625323
DT_R_160_04,2025-10-05T19:30:00,22.930292398915807
DT_R_160_04,2025-10-05T20:00:00,22.739351515997384
DT_R_160_04,2025-10-05T20:30:00,23.268194646489853
DT_R_160_04,2025-10-05T21:00:00,23.10360919344321
DT_R_160_04,2025-10-05T21:30:00,14.686854295361428
DT_R_160_04,2025-10-05T22:00:00,14.217995827457157
DT_R_160_04,2025-10-05T22:30:00,13.538042399801991
DT_R_160_04,2025-10-05T23:00:00,13.49439733110751
DT_R_160_04,2025-10-05T23:30:00,12.933462832930386
DT_R_160_04,2025-10-06T00:00:00,2.871556217000056
DT_R_160_04,2025-10-06T00:30:00,2.7069582261023086
DT_R_160_04,2025-10-06T01:00:00,2.852072635326596
DT_R_160_04,2025-10-06T01:30:00,2.8365999678994362
DT_R_160_04,2025-10-06T02:00:00,2.8610445145308985
DT_R_160_04,2025-10-06T02:30:00,12.133090696301375
DT_R_160_04,2025-10-06T03:00:00,15.524447328923346
DT_R_160_04,2025-10-06T03:30:00,15.129987760783619
DT_R_160_04,2025-10-06T04:00:00,15.976865833536152
DT_R_160_04,2025-10-06T04:30:00,16.09221143679659
DT_R_160_04,2025-10-06T05:00:00,15.205726790428072
DT_R_160_04,2025-10-06T05:30:00,13.113276807436142
DT_R_160_04,2025-10-06T06:00:00,12.440282326083105
DT_R_160_04,2025-10-06T06:30:00,12.391272838993876
DT_R_160_04,2025-10-06T07:00:00,12.4251976104057
DT_R_160_04,2025-10-06T07:30:00,11.919813812243023
DT_R_160_04,2025-10-06T08:00:00,13.893246601492988
DT_R_160_04,2025-10-06T08:30:00,13.248262034521858
DT_R_160_04,2025-10-06T09:00:00,12.83462168571876
DT_R_160_04,2025-10-06T09:30:00,11.881834170436331
DT_R_160_04,2025-10-06T10:00:00,12.390220797353305
DT_R_160_04,2025-10-06T10:30:00,12.088851163365668
DT_R_160_04,2025-10-06T11:00:00,12.294623306903524
DT_R_160_04,2025-10-06T11:30:00,12.27274619222236
DT_R_160_04,2025-10-06T12:00:00,12.342649590482722
DT_R_160_04,2025-10-06T12:30:00,12.631074242058355
DT_R_160_04,2025-10-06T13:00:00,11.959591987747292
DT_R_160_04,2025-10-06T13:30:00,12.001923028716714
DT_R_160_04,2025-10-06T14:00:00,11.46501958293648
DT_R_160_04,2025-10-06T14:30:00,12.571100077847793
DT_R_160_04,2025-10-06T15:00:00,13.008982568159771
DT_R_160_04,2025-10-06T15:30:00,12.251795393937405
DT_R_160_04,2025-10-06T16:00:00,11.922005130435604
DT_R_160_04,2025-10-06T16:30:00,12.248725959267878
DT_R_160_04,2025-10-06T17:00:00,12.20754502505797
DT_R_160_04,2025-10-06T17:30:00,12.34638484453633
DT_R_160_04,2025-10-06T18:00:00,21.10502690672464
DT_R_160_04,2025-10-06T18:30:00,20.993937575619707
DT_R_160_04,2025-10-06T19:00:00,21.249804957181173
DT_R_160_04,2025-10-06T19:30:00,20.50886875997241
DT_R_160_04,2025-10-06T20:00:00,20.338091107399944
DT_R_160_04,2025-10-06T20:30:00,20.811088754756405
DT_R_160_04,2025-10-06T21:00:00,20.663883416175825
DT_R_160_04,2025-10-06T21:30:00,13.135932241956345
DT_R_160_04,2025-10-06T22:00:00,12.71658491668172
DT_R_160_04,2025-10-06T22:30:00,12.10843411912222
DT_R_160_04,2025-10-06T23:00:00,12.069397940677437
DT_R_160_04,2025-10-06T23:30:00,11.567697752737422
DT_R_160_04,2025-10-07T00:00:00,2.310824846801573
DT_R_160_04,2025-10-07T00:30:00,2.178368053914023
DT_R_160_04,2025-10-07T01:00:00,2.295145841679133
DT_R_160_04,2025-10-07T01:30:00,2.28269453596368
DT_R_160_04,2025-10-07T02:00:00,2.3023657739461965
DT_R_160_04,2025-10-07T02:30:00,9.763851142291486
DT_R_160_04,2025-10-07T03:00:00,12.492974509137976
DT_R_160_04,2025-10-07T03:30:00,12.175541416336408
DT_R_160_04,2025-10-07T04:00:00,12.85704884465779
DT_R_160_04,2025-10-07T04:30:00,12.949870808025791
DT_R_160_04,2025-10-07T05:00:00,12.23649081740991
DT_R_160_04,2025-10-07T05:30:00,10.552635428209571
DT_R_160_04,2025-10-07T06:00:00,10.011057185699787
DT_R_160_04,2025-10-07T06:30:00,9.971617825319406
DT_R_160_04,2025-10-07T07:00:00,9.99891807604631
DT_R_160_04,2025-10-07T07:30:00,9.592221027577821
DT_R_160_04,2025-10-07T08:00:00,11.180299817710615
DT_R_160_04,2025-10-07T08:30:00,10.661261968360227
DT_R_160_04,2025-10-07T09:00:00,10.3283935432202
DT_R_160_04,2025-10-07T09:30:00,9.561657704652102
DT_R_160_04,2025-10-07T10:00:00,9.970771216798036
DT_R_160_04,2025-10-07T10:30:00,9.728250302818621
DT_R_160_04,2025-10-07T11:00:00,9.89384113445613
DT_R_160_04,2025-10-07T11:30:00,9.876235983673332
DT_R_160_04,2025-10-07T12:00:00,9.932489282361901
DT_R_160_04,2025-10-07T12:30:00,10.164592992310283
DT_R_160_04,2025-10-07T13:00:00,9.62423168290524
DT_R_160_04,2025-10-07T13:30:00,9.658296703357916
DT_R_160_04,2025-10-07T14:00:00,9.226234877266103
DT_R_160_04,2025-10-07T14:30:00,10.116330037190878
DT_R_160_04,2025-10-07T15:00:00,10.468706819021524
DT_R_160_04,2025-10-07T15:30:00,9.859376266649308
DT_R_160_04,2025-10-07T16:00:00,9.59398444509223
DT_R_160_04,2025-10-07T16:30:00,9.856906203253722
DT_R_160_04,2025-10-07T17:00:00,9.823766707177212
DT_R_160_04,2025-10-07T17:30:00,9.93549514999043
DT_R_160_04,2025-10-07T18:00:00,16.983829283838844
DT_R_160_04,2025-10-07T18:30:00,16.894432466527
DT_R_160_04,2025-10-07T19:00:00,17.10033639391589
DT_R_160_04,2025-10-07T19:30:00,16.504083475631255
DT_R_160_04,2025-10-07T20:00:00,16.366653729173013
DT_R_160_04,2025-10-07T20:30:00,16.74728869968802
DT_R_160_04,2025-10-07T21:00:00,16.62882828022626
DT_R_160_04,2025-10-07T21:30:00,10.570866915615055
DT_R_160_04,2025-10-07T22:00:00,10.233405920441939
DT_R_160_04,2025-10-07T22:30:00,9.744009277157398
DT_R_160_04,2025-10-07T23:00:00,9.712595728455005
DT_R_160_04,2025-10-07T23:30:00,9.30886298832151
